Handle,Title,Body (HTML),Vendor,Product Category,Type,Tags,Published,Option1 Name,Option1 Value,Option2 Name,Option2 Value,Option3 Name,Option3 Value,Variant SKU,Variant Grams,Variant Inventory Tracker,Variant Inventory Qty,Variant Inventory Policy,Variant Fulfillment Service,Variant Price,Variant Compare At Price,Variant Requires Shipping,Variant Taxable,Variant Barcode,Image Src,Image Position,Image Alt Text,Gift Card,SEO Title,SEO Description,Google Shopping / Google Product Category,Google Shopping / Gender,Google Shopping / Age Group,Google Shopping / MPN,Google Shopping / AdWords Grouping,Google Shopping / AdWords Labels,Google Shopping / Condition,Google Shopping / Custom Product,Google Shopping / Custom Label 0,Google Shopping / Custom Label 1,Google Shopping / Custom Label 2,Google Shopping / Custom Label 3,Google Shopping / Custom Label 4,Variant Image,Variant Weight Unit,Variant Tax Code,Cost per item,Included / United Arab Emirates,Included / International,Price / International,Compare At Price / International,Status
cmyk-mug-01,CMYK-Mug-01,,obldisplay,Home & Garden > Kitchen & Dining > Tableware > Drinkware > Mugs,Gift,"Animals, Typography",TRUE,Title,Default Title,,,,,,0,shopify,10,deny,manual,0,,TRUE,TRUE,,https://cdn.shopify.com/s/files/1/0744/6357/6341/products/mugShadows.jpg?v=1682325805,1,,FALSE,,,,,,,,,,,,,,,,,kg,,,TRUE,TRUE,,,active
cmyk-mug-01,,,,,,,,,,,,,,,,,,,,,,,,,https://cdn.shopify.com/s/files/1/0744/6357/6341/products/mugShadows-001.jpg?v=1682325805,2,,,,,,,,,,,,,,,,,,,,,,,,,,
cmyk-mug-01,,,,,,,,,,,,,,,,,,,,,,,,,https://cdn.shopify.com/s/files/1/0744/6357/6341/products/CMYK.jpg?v=1682325818,3,,,,,,,,,,,,,,,,,,,,,,,,,,
animal-mug-10,Animal-Mug-10,,obldisplay,Home & Garden > Kitchen & Dining > Tableware > Drinkware > Mugs,Gift,"Animals, Typography",TRUE,Title,Default Title,,,,,,0,shopify,10,deny,manual,0,,TRUE,TRUE,,https://cdn.shopify.com/s/files/1/0744/6357/6341/products/10.png?v=1682315393,1,,FALSE,,,,,,,,,,,,,,,,,kg,,,TRUE,TRUE,,,active
animal-mug-10,,,,,,,,,,,,,,,,,,,,,,,,,https://cdn.shopify.com/s/files/1/0744/6357/6341/products/10.1.png?v=1682315393,2,,,,,,,,,,,,,,,,,,,,,,,,,,
animal-mug-10,,,,,,,,,,,,,,,,,,,,,,,,,https://cdn.shopify.com/s/files/1/0744/6357/6341/products/mug-10.png?v=1682315390,3,,,,,,,,,,,,,,,,,,,,,,,,,,
copy-of-animal-mug-8,Animal-Mug-9,,obldisplay,Home & Garden > Kitchen & Dining > Tableware > Drinkware > Mugs,Gift,"Animals, Typography",TRUE,Title,Default Title,,,,,,0,shopify,10,deny,manual,0,,TRUE,TRUE,,https://cdn.shopify.com/s/files/1/0744/6357/6341/products/9.png?v=1682315093,1,,FALSE,,,,,,,,,,,,,,,,,kg,,,TRUE,TRUE,,,active
copy-of-animal-mug-8,,,,,,,,,,,,,,,,,,,,,,,,,https://cdn.shopify.com/s/files/1/0744/6357/6341/products/9.1.png?v=1682315093,2,,,,,,,,,,,,,,,,,,,,,,,,,,
copy-of-animal-mug-8,,,,,,,,,,,,,,,,,,,,,,,,,https://cdn.shopify.com/s/files/1/0744/6357/6341/products/mug-9.png?v=1682315093,3,,,,,,,,,,,,,,,,,,,,,,,,,,
animal-mug-8,Animal-Mug-8,,obldisplay,Home & Garden > Kitchen & Dining > Tableware > Drinkware > Mugs,Gift,"Animals, Typography",TRUE,Title,Default Title,,,,,,0,shopify,10,deny,manual,0,,TRUE,TRUE,,https://cdn.shopify.com/s/files/1/0744/6357/6341/products/8.png?v=1682315024,1,,FALSE,,,,,,,,,,,,,,,,,kg,,,TRUE,TRUE,,,active
animal-mug-8,,,,,,,,,,,,,,,,,,,,,,,,,https://cdn.shopify.com/s/files/1/0744/6357/6341/products/8.1.png?v=1682315024,2,,,,,,,,,,,,,,,,,,,,,,,,,,
animal-mug-8,,,,,,,,,,,,,,,,,,,,,,,,,https://cdn.shopify.com/s/files/1/0744/6357/6341/products/mug-8.png?v=1682315022,3,,,,,,,,,,,,,,,,,,,,,,,,,,
animal-mug-7,Animal-Mug-7,,obldisplay,Home & Garden > Kitchen & Dining > Tableware > Drinkware > Mugs,Gift,"Animals, Typography",TRUE,Title,Default Title,,,,,,0,shopify,10,deny,manual,0,,TRUE,TRUE,,https://cdn.shopify.com/s/files/1/0744/6357/6341/products/7.png?v=1682314976,1,,FALSE,,,,,,,,,,,,,,,,,kg,,,TRUE,TRUE,,,active
animal-mug-7,,,,,,,,,,,,,,,,,,,,,,,,,https://cdn.shopify.com/s/files/1/0744/6357/6341/products/7.1.png?v=1682314976,2,,,,,,,,,,,,,,,,,,,,,,,,,,
animal-mug-7,,,,,,,,,,,,,,,,,,,,,,,,,https://cdn.shopify.com/s/files/1/0744/6357/6341/products/mug-7.png?v=1682314974,3,,,,,,,,,,,,,,,,,,,,,,,,,,
animal-mug-6,Animal-Mug-6,,obldisplay,Home & Garden > Kitchen & Dining > Tableware > Drinkware > Mugs,Gift,"Animals, Typography",TRUE,Title,Default Title,,,,,,0,shopify,10,deny,manual,0,,TRUE,TRUE,,https://cdn.shopify.com/s/files/1/0744/6357/6341/products/6.png?v=1682314929,1,,FALSE,,,,,,,,,,,,,,,,,kg,,,TRUE,TRUE,,,active
animal-mug-6,,,,,,,,,,,,,,,,,,,,,,,,,https://cdn.shopify.com/s/files/1/0744/6357/6341/products/6.1.png?v=1682314929,2,,,,,,,,,,,,,,,,,,,,,,,,,,
animal-mug-6,,,,,,,,,,,,,,,,,,,,,,,,,https://cdn.shopify.com/s/files/1/0744/6357/6341/products/mug-6.png?v=1682314926,3,,,,,,,,,,,,,,,,,,,,,,,,,,
animal-mug-5,Animal-Mug-5,,obldisplay,Home & Garden > Kitchen & Dining > Tableware > Drinkware > Mugs,Gift,"Animals, Typography",TRUE,Title,Default Title,,,,,,0,shopify,10,deny,manual,0,,TRUE,TRUE,,https://cdn.shopify.com/s/files/1/0744/6357/6341/products/5.png?v=1682315471,1,,FALSE,,,,,,,,,,,,,,,,,kg,,,TRUE,TRUE,,,active
animal-mug-5,,,,,,,,,,,,,,,,,,,,,,,,,https://cdn.shopify.com/s/files/1/0744/6357/6341/products/5.1.png?v=1682315471,2,,,,,,,,,,,,,,,,,,,,,,,,,,
animal-mug-5,,,,,,,,,,,,,,,,,,,,,,,,,https://cdn.shopify.com/s/files/1/0744/6357/6341/products/mug-5.png?v=1682314251,3,,,,,,,,,,,,,,,,,,,,,,,,,,
animal-mug-04,Animal-Mug-04,,obldisplay,Home & Garden > Kitchen & Dining > Tableware > Drinkware > Mugs,Gift,"Animals, Typography",TRUE,Title,Default Title,,,,,,0,shopify,10,deny,manual,0,,TRUE,TRUE,,https://cdn.shopify.com/s/files/1/0744/6357/6341/products/4.png?v=1682314187,1,,FALSE,,,,,,,,,,,,,,,,,kg,,,TRUE,TRUE,,,active
animal-mug-04,,,,,,,,,,,,,,,,,,,,,,,,,https://cdn.shopify.com/s/files/1/0744/6357/6341/products/4.1.png?v=1682314187,2,,,,,,,,,,,,,,,,,,,,,,,,,,
animal-mug-04,,,,,,,,,,,,,,,,,,,,,,,,,https://cdn.shopify.com/s/files/1/0744/6357/6341/products/mug-4.png?v=1682314187,3,,,,,,,,,,,,,,,,,,,,,,,,,,
animal-mug-03,Animal-Mug-03,,obldisplay,Home & Garden > Kitchen & Dining > Tableware > Drinkware > Mugs,Gift,"Animals, Typography",TRUE,Title,Default Title,,,,,,0,shopify,10,deny,manual,0,,TRUE,TRUE,,https://cdn.shopify.com/s/files/1/0744/6357/6341/products/3.png?v=1682168955,1,,FALSE,,,,,,,,,,,,,,,,,kg,,,TRUE,TRUE,,,active
animal-mug-03,,,,,,,,,,,,,,,,,,,,,,,,,https://cdn.shopify.com/s/files/1/0744/6357/6341/products/3.1.png?v=1682168955,2,,,,,,,,,,,,,,,,,,,,,,,,,,
animal-mug-03,,,,,,,,,,,,,,,,,,,,,,,,,https://cdn.shopify.com/s/files/1/0744/6357/6341/products/mug-3.png?v=1682168955,3,,,,,,,,,,,,,,,,,,,,,,,,,,
animal-mug-02,Animal-Mug-02,,obldisplay,Home & Garden > Kitchen & Dining > Tableware > Drinkware > Mugs,Gift,"Animals, Typography",TRUE,Title,Default Title,,,,,,0,shopify,10,deny,manual,0,,TRUE,TRUE,,https://cdn.shopify.com/s/files/1/0744/6357/6341/products/2.png?v=1682315465,1,,FALSE,,,,,,,,,,,,,,,,,kg,,,TRUE,TRUE,,,active
animal-mug-02,,,,,,,,,,,,,,,,,,,,,,,,,https://cdn.shopify.com/s/files/1/0744/6357/6341/products/2.1.png?v=1682315465,2,,,,,,,,,,,,,,,,,,,,,,,,,,
animal-mug-02,,,,,,,,,,,,,,,,,,,,,,,,,https://cdn.shopify.com/s/files/1/0744/6357/6341/products/mug-2.png?v=1682168730,3,,,,,,,,,,,,,,,,,,,,,,,,,,
animal-mug-01,Animal-Mug-01,,obldisplay,Home & Garden > Kitchen & Dining > Tableware > Drinkware > Mugs,Gift,"Animals, Typography",TRUE,Title,Default Title,,,,,,0,shopify,10,deny,manual,0,,TRUE,TRUE,,https://cdn.shopify.com/s/files/1/0744/6357/6341/products/1.png?v=1682168620,1,,FALSE,,,,,,,,,,,,,,,,,kg,,,TRUE,TRUE,,,active
animal-mug-01,,,,,,,,,,,,,,,,,,,,,,,,,https://cdn.shopify.com/s/files/1/0744/6357/6341/products/1.1.png?v=1682168620,2,,,,,,,,,,,,,,,,,,,,,,,,,,
animal-mug-01,,,,,,,,,,,,,,,,,,,,,,,,,https://cdn.shopify.com/s/files/1/0744/6357/6341/products/mug-1.png?v=1682168620,3,,,,,,,,,,,,,,,,,,,,,,,,,,
animals-1,Animals-01,,obldisplay,"Home & Garden > Decor > Artwork > Posters, Prints, & Visual Artwork",Acrylic,Animals,TRUE,Size,10 x 10 in,,,,,,0,shopify,10,deny,manual,0,,TRUE,TRUE,,https://cdn.shopify.com/s/files/1/0744/6357/6341/products/AnimalFriends-01-Fornt.png?v=1682067368,1,,FALSE,,,,,,,,,,,,,,,,,kg,,,TRUE,TRUE,,,active
animals-1,,,,,,,,,20 x 20 in,,,,,,0,shopify,10,deny,manual,0,,TRUE,TRUE,,https://cdn.shopify.com/s/files/1/0744/6357/6341/products/AnimalFriends-01-LR.png?v=1682067368,2,,,,,,,,,,,,,,,,,,,kg,,,,,,,
animals-1,,,,,,,,,30 x 30 in,,,,,,0,shopify,10,deny,manual,0,,TRUE,TRUE,,https://cdn.shopify.com/s/files/1/0744/6357/6341/products/AnimalFriends-01-Fornt-Copy.png?v=1682067368,3,,,,,,,,,,,,,,,,,,,kg,,,,,,,
copy-of-spring-flowers-01,Sunrise-01,Acrylic floating print,obldisplay,Arts & Entertainment > Hobbies & Creative Arts > Arts & Crafts > Art & Crafting Materials > Textiles > Crafting Canvas > Plastic Canvas,Acrylic,floral,TRUE,Size,13 x 19 in,,,,,,0,shopify,10,deny,manual,0,,TRUE,TRUE,,https://cdn.shopify.com/s/files/1/0744/6357/6341/products/Sunrise-MockupFront-Nature.png?v=1682162010,1,,FALSE,,,,,,,,,,,,,,,,,kg,,,TRUE,TRUE,,,active
copy-of-spring-flowers-01,,,,,,,,,,,,,,,,,,,,,,,,,https://cdn.shopify.com/s/files/1/0744/6357/6341/products/13x19inSunrise-Nature-LR.png?v=1682162010,2,,,,,,,,,,,,,,,,,,,,,,,,,,
copy-of-spring-flowers-01,,,,,,,,,,,,,,,,,,,,,,,,,https://cdn.shopify.com/s/files/1/0744/6357/6341/products/AcrylicCornerKnobZoomImage.png?v=1682162010,3,,,,,,,,,,,,,,,,,,,,,,,,,,
animals-01-a5,Animals-01-A5 Notebook,"<p>Three Page Options Available.</p>
<p>Set of Two Spiral Notebooks.</p>",obldisplay,Office Supplies > General Office Supplies > Paper Products > Stationery,Notebook,Typography,TRUE,Size,A4,Style,dot,,,,0,shopify,10,deny,manual,0,,TRUE,TRUE,,https://cdn.shopify.com/s/files/1/0744/6357/6341/products/Animals-01-Notepad_A5_e0cd4345-1b96-4c86-9e18-7f68ca2f02ce.png?v=1681983974,1,,FALSE,,,,,,,,,,,,,,,,,kg,,,TRUE,TRUE,,,active
animals-01-a5,,,,,,,,,A4,,line,,,,0,shopify,10,deny,manual,0,,TRUE,TRUE,,https://cdn.shopify.com/s/files/1/0744/6357/6341/products/Animals-01_922e307d-dd41-4be8-8b84-881a4e946459.png?v=1681983974,2,,,,,,,,,,,,,,,,,,,kg,,,,,,,
animals-01-a5,,,,,,,,,A4,,square,,,,0,shopify,10,deny,manual,0,,TRUE,TRUE,,,,,,,,,,,,,,,,,,,,,,kg,,,,,,,
animals-01-a5,,,,,,,,,A5,,dot,,,,0,shopify,10,deny,manual,0,,TRUE,TRUE,,,,,,,,,,,,,,,,,,,,,,kg,,,,,,,
animals-01-a5,,,,,,,,,A5,,line,,,,0,shopify,10,deny,manual,0,,TRUE,TRUE,,,,,,,,,,,,,,,,,,,,,,kg,,,,,,,
animals-01-a5,,,,,,,,,A5,,square,,,,0,shopify,10,deny,manual,0,,TRUE,TRUE,,,,,,,,,,,,,,,,,,,,,,kg,,,,,,,
typography-style-01-a5,Typography Style-01-A5 Notebook,"<p>Three Page Options Available.</p>
<p>Set of Two Spiral Notebooks.</p>",obldisplay,Office Supplies > General Office Supplies > Paper Products > Stationery,Notebook,Typography,TRUE,Size,A5,Style,dot,,,,0,shopify,10,deny,manual,0,,TRUE,TRUE,,https://cdn.shopify.com/s/files/1/0744/6357/6341/products/Typography-01-Notepad_A5.png?v=1681982607,1,,FALSE,,,,,,,,,,,,,,,,,kg,,,TRUE,TRUE,,,active
typography-style-01-a5,,,,,,,,,A5,,line,,,,0,shopify,10,deny,manual,0,,TRUE,TRUE,,https://cdn.shopify.com/s/files/1/0744/6357/6341/products/Typography-01_404f442c-aaf6-4a62-a31e-685cddd9a43a.png?v=1681982607,2,,,,,,,,,,,,,,,,,,,kg,,,,,,,
typography-style-01-a5,,,,,,,,,A5,,square,,,,0,shopify,10,deny,manual,0,,TRUE,TRUE,,,,,,,,,,,,,,,,,,,,,,kg,,,,,,,
animals-01,Animals-01- A4 Notebook,"<p>Three Page Options Available.</p>
<p>Set of Two Spiral Notebooks.</p>",obldisplay,Office Supplies > General Office Supplies > Paper Products > Stationery,Notebook,Typography,TRUE,Size,A4,Style,dot,,,,0,shopify,10,deny,manual,0,,TRUE,TRUE,,https://cdn.shopify.com/s/files/1/0744/6357/6341/products/Animals-01-Notepad_A4.png?v=1681982506,1,,FALSE,,,,,,,,,,,,,,,,,kg,,,TRUE,TRUE,,,active
animals-01,,,,,,,,,A4,,line,,,,0,shopify,10,deny,manual,0,,TRUE,TRUE,,https://cdn.shopify.com/s/files/1/0744/6357/6341/products/Animals-01-NotebookSide_A4.png?v=1681982506,2,,,,,,,,,,,,,,,,,,,kg,,,,,,,
animals-01,,,,,,,,,A4,,square,,,,0,shopify,10,deny,manual,0,,TRUE,TRUE,,https://cdn.shopify.com/s/files/1/0744/6357/6341/products/Animals-01.png?v=1681982483,3,,,,,,,,,,,,,,,,,,,kg,,,,,,,
animals-01,,,,,,,,,A5,,dot,,,,0,shopify,10,deny,manual,0,,TRUE,TRUE,,,,,,,,,,,,,,,,,,,,,,kg,,,,,,,
animals-01,,,,,,,,,A5,,line,,,,0,shopify,10,deny,manual,0,,TRUE,TRUE,,,,,,,,,,,,,,,,,,,,,,kg,,,,,,,
animals-01,,,,,,,,,A5,,square,,,,0,shopify,10,deny,manual,0,,TRUE,TRUE,,,,,,,,,,,,,,,,,,,,,,kg,,,,,,,
typography-style-01,Typography Style-01-A4 Notebook,"<p>Three Page Options Available.</p>
<p>Set of Two Spiral Notebooks.</p>",obldisplay,Office Supplies > General Office Supplies > Paper Products > Stationery,Notebook,Typography,TRUE,Size,A4,Style,dot,,,,0,shopify,10,deny,manual,0,,TRUE,TRUE,,https://cdn.shopify.com/s/files/1/0744/6357/6341/products/Typography-01-Notepad_A4_441b7497-d1b1-4a9f-8f31-f90c27c74aee.png?v=1681982077,1,,FALSE,,,,,,,,,,,,,,,,,kg,,,TRUE,TRUE,,,active
typography-style-01,,,,,,,,,A4,,line,,,,0,shopify,10,deny,manual,0,,TRUE,TRUE,,https://cdn.shopify.com/s/files/1/0744/6357/6341/products/Typography-01-NotebookSide_A4.png?v=1681982077,2,,,,,,,,,,,,,,,,,,,kg,,,,,,,
typography-style-01,,,,,,,,,A4,,square,,,,0,shopify,10,deny,manual,0,,TRUE,TRUE,,https://cdn.shopify.com/s/files/1/0744/6357/6341/products/Typography-01.png?v=1681982077,3,,,,,,,,,,,,,,,,,,,kg,,,,,,,
typography-style-01,,,,,,,,,A5,,dot,,,,0,shopify,10,deny,manual,0,,TRUE,TRUE,,https://cdn.shopify.com/s/files/1/0744/6357/6341/products/Dotted-A4.png?v=1681982077,4,,,,,,,,,,,,,,,,,,,kg,,,,,,,
typography-style-01,,,,,,,,,A5,,line,,,,0,shopify,10,deny,manual,0,,TRUE,TRUE,,https://cdn.shopify.com/s/files/1/0744/6357/6341/products/Lines-A4.png?v=1681982077,5,,,,,,,,,,,,,,,,,,,kg,,,,,,,
typography-style-01,,,,,,,,,A5,,square,,,,0,shopify,10,deny,manual,0,,TRUE,TRUE,,https://cdn.shopify.com/s/files/1/0744/6357/6341/products/squared-A4.png?v=1681982077,6,,,,,,,,,,,,,,,,,,,kg,,,,,,,
baby-animal-friends,Baby Animal Friends,"<p>A7 - 5 x 7 in</p>
<p>Set of 3.</p>",obldisplay,Office Supplies > General Office Supplies > Paper Products > Stationery,Greeting Cards,Animals,TRUE,Size,A7- 5 x 7 in,,,,,,0,shopify,10,deny,manual,0,,TRUE,TRUE,,https://cdn.shopify.com/s/files/1/0744/6357/6341/products/babyAnimalsFriends-01.png?v=1681970463,1,,FALSE,,,,,,,,,,,,,,,,,kg,,,TRUE,TRUE,,,active
baby-animal-friends,,,,,,,,,,,,,,,,,,,,,,,,,https://cdn.shopify.com/s/files/1/0744/6357/6341/products/babyAnimalsFriends-02.png?v=1681970463,2,,,,,,,,,,,,,,,,,,,,,,,,,,
baby-animal-friends,,,,,,,,,,,,,,,,,,,,,,,,,https://cdn.shopify.com/s/files/1/0744/6357/6341/products/babyAnimalsFriends.png?v=1681970463,3,,,,,,,,,,,,,,,,,,,,,,,,,,
plant-life-wallpaper-01,Plant Life Wallpaper-01,,obldisplay,Home & Garden > Decor > Wallpaper,Wall Paper,floral,TRUE,Title,Default Title,,,,,,0,shopify,10,deny,manual,0,,TRUE,TRUE,,https://cdn.shopify.com/s/files/1/0744/6357/6341/products/Wallpaper-03-Mockup-02.png?v=1681884474,1,,FALSE,,,,,,,,,,,,,,,,,kg,,,TRUE,TRUE,,,active
plant-life-wallpaper-01,,,,,,,,,,,,,,,,,,,,,,,,,https://cdn.shopify.com/s/files/1/0744/6357/6341/products/Wallpaper-floral-03-LR.png?v=1681884474,2,,,,,,,,,,,,,,,,,,,,,,,,,,
plant-life-wallpaper-01,,,,,,,,,,,,,,,,,,,,,,,,,https://cdn.shopify.com/s/files/1/0744/6357/6341/products/Wallpaper-03-Mockup-02.jpg?v=1681884474,3,,,,,,,,,,,,,,,,,,,,,,,,,,
plant-life-wallpaper-01,,,,,,,,,,,,,,,,,,,,,,,,,https://cdn.shopify.com/s/files/1/0744/6357/6341/products/WallpaperRoll-floral-03.jpg?v=1681884474,4,,,,,,,,,,,,,,,,,,,,,,,,,,
spring-flowers-03-t-shirt,Spring Flowers-03- T-Shirt,,obldisplay,Apparel & Accessories > Clothing > Shirts & Tops,T-Shirt,floral,TRUE,Color,Pink,Size,Small,,,,0,shopify,10,deny,manual,0,,TRUE,TRUE,,https://cdn.shopify.com/s/files/1/0744/6357/6341/products/Springflower-03-tshirt.jpg?v=1681817359,1,,FALSE,,,,,,,,,,,,,,,,,kg,,,TRUE,TRUE,,,active
spring-flowers-03-t-shirt,,,,,,,,,Pink,,Medium,,,,0,shopify,10,deny,manual,0,,TRUE,TRUE,,https://cdn.shopify.com/s/files/1/0744/6357/6341/products/Springflower-03-tshirta.jpg?v=1681817359,2,,,,,,,,,,,,,,,,,,,kg,,,,,,,
spring-flowers-03-t-shirt,,,,,,,,,Pink,,Large,,,,0,shopify,10,deny,manual,0,,TRUE,TRUE,,https://cdn.shopify.com/s/files/1/0744/6357/6341/products/Springflower-03-tshirtab.jpg?v=1681817359,3,,,,,,,,,,,,,,,,,,,kg,,,,,,,
spring-flowers-03-t-shirt,,,,,,,,,White,,Small,,,,0,shopify,10,deny,manual,0,,TRUE,TRUE,,,,,,,,,,,,,,,,,,,,,,kg,,,,,,,
spring-flowers-03-t-shirt,,,,,,,,,White,,Medium,,,,0,shopify,10,deny,manual,0,,TRUE,TRUE,,,,,,,,,,,,,,,,,,,,,,kg,,,,,,,
spring-flowers-03-t-shirt,,,,,,,,,White,,Large,,,,0,shopify,10,deny,manual,0,,TRUE,TRUE,,,,,,,,,,,,,,,,,,,,,,kg,,,,,,,
spring-flowers-03-t-shirt,,,,,,,,,Black,,Small,,,,0,shopify,10,deny,manual,0,,TRUE,TRUE,,,,,,,,,,,,,,,,,,,,,,kg,,,,,,,
spring-flowers-03-t-shirt,,,,,,,,,Black,,Medium,,,,0,shopify,10,deny,manual,0,,TRUE,TRUE,,,,,,,,,,,,,,,,,,,,,,kg,,,,,,,
spring-flowers-03-t-shirt,,,,,,,,,Black,,Large,,,,0,shopify,10,deny,manual,0,,TRUE,TRUE,,,,,,,,,,,,,,,,,,,,,,kg,,,,,,,
spring-flowers-03-t-shirt,,,,,,,,,Blue,,Small,,,,0,shopify,10,deny,manual,0,,TRUE,TRUE,,,,,,,,,,,,,,,,,,,,,,kg,,,,,,,
spring-flowers-03-t-shirt,,,,,,,,,Blue,,Medium,,,,0,shopify,10,deny,manual,0,,TRUE,TRUE,,,,,,,,,,,,,,,,,,,,,,kg,,,,,,,
spring-flowers-03-t-shirt,,,,,,,,,Blue,,Large,,,,0,shopify,10,deny,manual,0,,TRUE,TRUE,,,,,,,,,,,,,,,,,,,,,,kg,,,,,,,
copy-of-spring-flowers-01-t-shirt,Spring Flowers-02- T-Shirt,,obldisplay,Apparel & Accessories > Clothing > Shirts & Tops,T-Shirt,floral,TRUE,Color,Pink,Size,Small,,,,0,shopify,10,deny,manual,0,,TRUE,TRUE,,https://cdn.shopify.com/s/files/1/0744/6357/6341/products/Springflower-02-tshirt.jpg?v=1681817306,1,,FALSE,,,,,,,,,,,,,,,,,kg,,,TRUE,TRUE,,,active
copy-of-spring-flowers-01-t-shirt,,,,,,,,,Pink,,Medium,,,,0,shopify,0,deny,manual,0,,TRUE,TRUE,,https://cdn.shopify.com/s/files/1/0744/6357/6341/products/Springflower-02-tshirta.jpg?v=1681817307,2,,,,,,,,,,,,,,,,,,,kg,,,,,,,
copy-of-spring-flowers-01-t-shirt,,,,,,,,,Pink,,Large,,,,0,shopify,0,deny,manual,0,,TRUE,TRUE,,https://cdn.shopify.com/s/files/1/0744/6357/6341/products/Springflower-02-tshirtab.jpg?v=1681817307,3,,,,,,,,,,,,,,,,,,,kg,,,,,,,
copy-of-spring-flowers-01-t-shirt,,,,,,,,,White,,Small,,,,0,shopify,10,deny,manual,0,,TRUE,TRUE,,,,,,,,,,,,,,,,,,,,,,kg,,,,,,,
copy-of-spring-flowers-01-t-shirt,,,,,,,,,White,,Medium,,,,0,shopify,0,deny,manual,0,,TRUE,TRUE,,,,,,,,,,,,,,,,,,,,,,kg,,,,,,,
copy-of-spring-flowers-01-t-shirt,,,,,,,,,White,,Large,,,,0,shopify,0,deny,manual,0,,TRUE,TRUE,,,,,,,,,,,,,,,,,,,,,,kg,,,,,,,
copy-of-spring-flowers-01-t-shirt,,,,,,,,,Black,,Small,,,,0,shopify,10,deny,manual,0,,TRUE,TRUE,,,,,,,,,,,,,,,,,,,,,,kg,,,,,,,
copy-of-spring-flowers-01-t-shirt,,,,,,,,,Black,,Medium,,,,0,shopify,0,deny,manual,0,,TRUE,TRUE,,,,,,,,,,,,,,,,,,,,,,kg,,,,,,,
copy-of-spring-flowers-01-t-shirt,,,,,,,,,Black,,Large,,,,0,shopify,0,deny,manual,0,,TRUE,TRUE,,,,,,,,,,,,,,,,,,,,,,kg,,,,,,,
copy-of-spring-flowers-01-t-shirt,,,,,,,,,Blue,,Small,,,,0,shopify,10,deny,manual,0,,TRUE,TRUE,,,,,,,,,,,,,,,,,,,,,,kg,,,,,,,
copy-of-spring-flowers-01-t-shirt,,,,,,,,,Blue,,Medium,,,,0,shopify,0,deny,manual,0,,TRUE,TRUE,,,,,,,,,,,,,,,,,,,,,,kg,,,,,,,
copy-of-spring-flowers-01-t-shirt,,,,,,,,,Blue,,Large,,,,0,shopify,0,deny,manual,0,,TRUE,TRUE,,,,,,,,,,,,,,,,,,,,,,kg,,,,,,,
spring-flowers-01-t-shirt,Spring Flowers-01- T-Shirt,,obldisplay,Apparel & Accessories > Clothing > Shirts & Tops,T-Shirt,floral,TRUE,Color,Pink,Size,Small,,,,0,shopify,10,deny,manual,0,,TRUE,TRUE,,https://cdn.shopify.com/s/files/1/0744/6357/6341/products/Springflower-01-tshirt.jpg?v=1681817272,1,,FALSE,,,,,,,,,,,,,,,,,kg,,,TRUE,TRUE,,,active
spring-flowers-01-t-shirt,,,,,,,,,Pink,,Medium,,,,0,shopify,0,deny,manual,0,,TRUE,TRUE,,https://cdn.shopify.com/s/files/1/0744/6357/6341/products/Springflower-01-tshirtab.jpg?v=1681817272,2,,,,,,,,,,,,,,,,,,,kg,,,,,,,
spring-flowers-01-t-shirt,,,,,,,,,Pink,,Large,,,,0,shopify,0,deny,manual,0,,TRUE,TRUE,,https://cdn.shopify.com/s/files/1/0744/6357/6341/products/Springflower-01-tshirta.jpg?v=1681817272,3,,,,,,,,,,,,,,,,,,,kg,,,,,,,
spring-flowers-01-t-shirt,,,,,,,,,White,,Small,,,,0,shopify,10,deny,manual,0,,TRUE,TRUE,,,,,,,,,,,,,,,,,,,,,,kg,,,,,,,
spring-flowers-01-t-shirt,,,,,,,,,White,,Medium,,,,0,shopify,0,deny,manual,0,,TRUE,TRUE,,,,,,,,,,,,,,,,,,,,,,kg,,,,,,,
spring-flowers-01-t-shirt,,,,,,,,,White,,Large,,,,0,shopify,0,deny,manual,0,,TRUE,TRUE,,,,,,,,,,,,,,,,,,,,,,kg,,,,,,,
spring-flowers-01-t-shirt,,,,,,,,,Black,,Small,,,,0,shopify,10,deny,manual,0,,TRUE,TRUE,,,,,,,,,,,,,,,,,,,,,,kg,,,,,,,
spring-flowers-01-t-shirt,,,,,,,,,Black,,Medium,,,,0,shopify,0,deny,manual,0,,TRUE,TRUE,,,,,,,,,,,,,,,,,,,,,,kg,,,,,,,
spring-flowers-01-t-shirt,,,,,,,,,Black,,Large,,,,0,shopify,0,deny,manual,0,,TRUE,TRUE,,,,,,,,,,,,,,,,,,,,,,kg,,,,,,,
spring-flowers-01-t-shirt,,,,,,,,,Blue,,Small,,,,0,shopify,10,deny,manual,0,,TRUE,TRUE,,,,,,,,,,,,,,,,,,,,,,kg,,,,,,,
spring-flowers-01-t-shirt,,,,,,,,,Blue,,Medium,,,,0,shopify,0,deny,manual,0,,TRUE,TRUE,,,,,,,,,,,,,,,,,,,,,,kg,,,,,,,
spring-flowers-01-t-shirt,,,,,,,,,Blue,,Large,,,,0,shopify,0,deny,manual,0,,TRUE,TRUE,,,,,,,,,,,,,,,,,,,,,,kg,,,,,,,
spring-flowers-03,Spring Flowers-03,,obldisplay,Office Supplies > General Office Supplies > Paper Products > Stationery,Stickers,floral,TRUE,Title,Default Title,,,,,,0,shopify,10,deny,manual,0,,TRUE,TRUE,,https://cdn.shopify.com/s/files/1/0744/6357/6341/products/Stickerma-Jai_Pista_SPRING_FLOWERS_STYLE_ZALOME_6_03-Nature.jpg?v=1681810846,1,,FALSE,,,,,,,,,,,,,,,,,kg,,,TRUE,TRUE,,,active
spring-flowers-03,,,,,,,,,,,,,,,,,,,,,,,,,https://cdn.shopify.com/s/files/1/0744/6357/6341/products/Stickerm-Jai_Pista_SPRING_FLOWERS_STYLE_ZALOME_6_03-Nature.jpg?v=1681810846,2,,,,,,,,,,,,,,,,,,,,,,,,,,
spring-flowers-03,,,,,,,,,,,,,,,,,,,,,,,,,https://cdn.shopify.com/s/files/1/0744/6357/6341/products/StickerSide-Jai_Pista_SPRING_FLOWERS_STYLE_ZALOME_6_03-Nature.jpg?v=1681810846,3,,,,,,,,,,,,,,,,,,,,,,,,,,
spring-flowers-03,,,,,,,,,,,,,,,,,,,,,,,,,https://cdn.shopify.com/s/files/1/0744/6357/6341/products/Mug-Jai_Pista_SPRING_FLOWERS_STYLE_ZALOME_6_03-Nature-lr.png?v=1681810846,4,,,,,,,,,,,,,,,,,,,,,,,,,,
spring-flowers-02,Spring Flowers-02,,obldisplay,Office Supplies > General Office Supplies > Paper Products > Stationery,Stickers,floral,TRUE,Title,Default Title,,,,,,0,shopify,10,deny,manual,0,,TRUE,TRUE,,https://cdn.shopify.com/s/files/1/0744/6357/6341/products/Stickerma-Jai_Pista_SPRING_FLOWERS_STYLE_ZALOME_6_02-Nature.jpg?v=1681810777,1,,FALSE,,,,,,,,,,,,,,,,,kg,,,TRUE,TRUE,,,active
spring-flowers-02,,,,,,,,,,,,,,,,,,,,,,,,,https://cdn.shopify.com/s/files/1/0744/6357/6341/products/Stickerm-Jai_Pista_SPRING_FLOWERS_STYLE_ZALOME_6_02-Nature.jpg?v=1681810777,2,,,,,,,,,,,,,,,,,,,,,,,,,,
spring-flowers-02,,,,,,,,,,,,,,,,,,,,,,,,,https://cdn.shopify.com/s/files/1/0744/6357/6341/products/StickerSide-Jai_Pista_SPRING_FLOWERS_STYLE_ZALOME_6_02-Nature.jpg?v=1681810777,3,,,,,,,,,,,,,,,,,,,,,,,,,,
spring-flowers-02,,,,,,,,,,,,,,,,,,,,,,,,,https://cdn.shopify.com/s/files/1/0744/6357/6341/products/Sticker-Jai_Pista_SPRING_FLOWERS_STYLE_ZALOME_6_02-Nature-lr.png?v=1681810777,4,,,,,,,,,,,,,,,,,,,,,,,,,,
spring-flowers-01,Spring Flowers-01,,obldisplay,Office Supplies > General Office Supplies > Paper Products > Stationery,Stickers,floral,TRUE,Title,Default Title,,,,,,0,shopify,10,deny,manual,0,,TRUE,TRUE,,https://cdn.shopify.com/s/files/1/0744/6357/6341/products/Stickerma-Jai_Pista_SPRING_FLOWERS_STYLE_ZALOME_6_01-Nature.jpg?v=1681810676,1,,FALSE,,,,,,,,,,,,,,,,,kg,,,TRUE,TRUE,,,active
spring-flowers-01,,,,,,,,,,,,,,,,,,,,,,,,,https://cdn.shopify.com/s/files/1/0744/6357/6341/products/StickerSide-Jai_Pista_SPRING_FLOWERS_STYLE_ZALOME_6_01-Nature.jpg?v=1681810677,2,,,,,,,,,,,,,,,,,,,,,,,,,,
spring-flowers-01,,,,,,,,,,,,,,,,,,,,,,,,,https://cdn.shopify.com/s/files/1/0744/6357/6341/products/Stickerm-Jai_Pista_SPRING_FLOWERS_STYLE_ZALOME_6_01-Nature.jpg?v=1681810677,3,,,,,,,,,,,,,,,,,,,,,,,,,,
spring-flowers-01,,,,,,,,,,,,,,,,,,,,,,,,,https://cdn.shopify.com/s/files/1/0744/6357/6341/products/Mug-Jai_Pista_SPRING_FLOWERS_STYLE_ZALOME_6_01-Nature-lr.png?v=1681810677,4,,,,,,,,,,,,,,,,,,,,,,,,,,
copy-of-jai-pista-japanese-garden-landscape-with-bridge,Japanese garden landscape with bridge,,obldisplay,Arts & Entertainment > Hobbies & Creative Arts > Arts & Crafts > Art & Crafting Materials > Textiles > Crafting Canvas > Painting Canvas,Canvas,Landscape,FALSE,Size,80 x 120 cm,,,,,,0,shopify,10,deny,manual,0,,TRUE,TRUE,,https://cdn.shopify.com/s/files/1/0744/6357/6341/products/CanvasTop-Jai_Pista_japanese_garden_landscape_with_bridge_UNREAL_ENGINE_5-HomeDecor-OfficeDecor-FengShuiPainting.jpg?v=1681591428,1,,FALSE,,,,,,,,,,,,,,,,,kg,,,TRUE,TRUE,,,archived
copy-of-jai-pista-japanese-garden-landscape-with-bridge,,,,,,,,,,,,,,,,,,,,,,,,,https://cdn.shopify.com/s/files/1/0744/6357/6341/products/CanvasMockup02-Jai_Pista_Japaneses_GardenWith_Bridge-HomeDecor-OfficeDecor.jpg?v=1681591428,2,,,,,,,,,,,,,,,,,,,,,,,,,,
copy-of-jai-pista-japanese-garden-landscape-with-bridge,,,,,,,,,,,,,,,,,,,,,,,,,https://cdn.shopify.com/s/files/1/0744/6357/6341/products/CanvasMockup01-Jai_Pista_japanese_garden_landscape_with_bridge_UNREAL_ENGINE_5-HomeDecor-FengShuiPainting.jpg?v=1681591428,3,,,,,,,,,,,,,,,,,,,,,,,,,,
copy-of-jai-pista-japanese-garden-landscape-with-bridge,,,,,,,,,,,,,,,,,,,,,,,,,https://cdn.shopify.com/s/files/1/0744/6357/6341/products/Canvas-Jai_Pista_japanese_garden_landscape_with_bridge_UNREAL_ENGINE_5-HomeDecor-OfficeDecor-FengShuiPainting_lowres.png?v=1681591428,4,,,,,,,,,,,,,,,,,,,,,,,,,,
jai-pista-japanese-garden-landscape-with-bridge,Japanese garden landscape with bridge,,obldisplay,Arts & Entertainment > Hobbies & Creative Arts > Arts & Crafts > Art & Crafting Materials > Textiles > Crafting Canvas > Painting Canvas,Canvas,Landscape,FALSE,Size,80 x 120 cm,,,,,,0,shopify,10,deny,manual,0,,TRUE,TRUE,,https://cdn.shopify.com/s/files/1/0744/6357/6341/products/CanvasTop-Jai_Pista_Japanese_garden_landscape_with_bridge_MIX_CHOCOLATE_I-HomeDecor-OfficeDecor-FengShuiPainting.jpg?v=1681591290,1,,FALSE,,,,,,,,,,,,,,,,,kg,,,TRUE,TRUE,,,archived
jai-pista-japanese-garden-landscape-with-bridge,,,,,,,,,,,,,,,,,,,,,,,,,https://cdn.shopify.com/s/files/1/0744/6357/6341/products/CanvasMckup02-Jai_Pista_Japaneses_GardenWith_Bridge-HomeDecor-FengShuiPainting.jpg?v=1681591290,2,,,,,,,,,,,,,,,,,,,,,,,,,,
jai-pista-japanese-garden-landscape-with-bridge,,,,,,,,,,,,,,,,,,,,,,,,,https://cdn.shopify.com/s/files/1/0744/6357/6341/products/CanvasMockup01-Jai_Pista_Japanese_garden_landscape_with_bridge_MIX_CHOCOLATE_I-HomeDecor-FengShuiPainting.jpg?v=1681591290,3,,,,,,,,,,,,,,,,,,,,,,,,,,
jai-pista-japanese-garden-landscape-with-bridge,,,,,,,,,,,,,,,,,,,,,,,,,https://cdn.shopify.com/s/files/1/0744/6357/6341/products/Canvas-Jai_Pista_Japanese_garden_landscape_with_bridge_MIX_CHOCOLATE_I-HomeDecor-OfficeDecor-FengShuiPainting_lowres.png?v=1681591290,4,,,,,,,,,,,,,,,,,,,,,,,,,,
copy-of-jai-pista-flying-dounuts-with-rolling-chocolate-milk-with-mix-of-mu-01,Flying Dounuts with Rolling Chocolate milk-02,,obldisplay,Arts & Entertainment > Hobbies & Creative Arts > Arts & Crafts > Art & Crafting Materials > Textiles > Crafting Canvas > Painting Canvas,Canvas,food,FALSE,Size,80 x 120 cm,,,,,,0,shopify,10,deny,manual,0,,TRUE,TRUE,,https://cdn.shopify.com/s/files/1/0744/6357/6341/products/CanvasSide-Jai_Pista_FLYING_DONUTS_WITH_ROLLING_CHOCOLATE_MILK_._MIX_OF_MU-02-ResturantDecor-Food.jpg?v=1681590844,1,,FALSE,,,,,,,,,,,,,,,,,kg,,,TRUE,TRUE,,,archived
copy-of-jai-pista-flying-dounuts-with-rolling-chocolate-milk-with-mix-of-mu-01,,,,,,,,,,,,,,,,,,,,,,,,,https://cdn.shopify.com/s/files/1/0744/6357/6341/products/Canvas-Jai_Pista_FLYING_DONUTS_WITH_ROLLING_CHOCOLATE_MILK_._MIX_OF_MU-02-ResturantDecor-Food.png?v=1681590844,2,,,,,,,,,,,,,,,,,,,,,,,,,,
copy-of-jai-pista-flying-dounuts-with-rolling-chocolate-milk-with-mix-of-mu-01,,,,,,,,,,,,,,,,,,,,,,,,,https://cdn.shopify.com/s/files/1/0744/6357/6341/products/CanvasMockup-Jai_Pista_FLYING_DONUTS_WITH_ROLLING_CHOCOLATE_MILK___MIX_OF_MU-02-ResturantDecor-Food_jpg.jpg?v=1681590844,3,,,,,,,,,,,,,,,,,,,,,,,,,,
copy-of-jai-pista-flying-dounuts-with-rolling-chocolate-milk-with-mix-of-mu-01,,,,,,,,,,,,,,,,,,,,,,,,,https://cdn.shopify.com/s/files/1/0744/6357/6341/products/CanvasSide-Jai_Pista_FLYING_DONUTS_WITH_ROLLING_CHOCOLATE_MILK___MIX_OF_MU-02-HomeDecor-Food_jpg.jpg?v=1681590844,4,,,,,,,,,,,,,,,,,,,,,,,,,,
jai-pista-flying-dounuts-with-rolling-chocolate-milk-with-mix-of-mu-01,Flying Dounuts with Rolling Chocolate milk-01,,obldisplay,Arts & Entertainment > Hobbies & Creative Arts > Arts & Crafts > Art & Crafting Materials > Textiles > Crafting Canvas > Painting Canvas,Canvas,food,FALSE,Size,80 x 120 cm,,,,,,0,shopify,10,deny,manual,0,,TRUE,TRUE,,https://cdn.shopify.com/s/files/1/0744/6357/6341/products/CanvasSide-Jai_Pista_FLYING_DONUTS_WITH_ROLLING_CHOCOLATE_MILK_._MIX_OF_MU-01-ResturantDecor-Food.jpg?v=1681590735,1,,FALSE,,,,,,,,,,,,,,,,,kg,,,TRUE,TRUE,,,archived
jai-pista-flying-dounuts-with-rolling-chocolate-milk-with-mix-of-mu-01,,,,,,,,,,,,,,,,,,,,,,,,,https://cdn.shopify.com/s/files/1/0744/6357/6341/products/Canvas-Jai_Pista_FLYING_DONUTS_WITH_ROLLING_CHOCOLATE_MILK_._MIX_OF_MU-01-ResturantDecor-Food.png?v=1681590735,2,,,,,,,,,,,,,,,,,,,,,,,,,,
jai-pista-flying-dounuts-with-rolling-chocolate-milk-with-mix-of-mu-01,,,,,,,,,,,,,,,,,,,,,,,,,https://cdn.shopify.com/s/files/1/0744/6357/6341/products/CanvasMockup-Jai_Pista_FLYING_DONUTS_WITH_ROLLING_CHOCOLATE_MILK_._MIX_OF_MU-01-ResturantDecor-Food.jpg?v=1681590735,3,,,,,,,,,,,,,,,,,,,,,,,,,,
jai-pista-flying-dounuts-with-rolling-chocolate-milk-with-mix-of-mu-01,,,,,,,,,,,,,,,,,,,,,,,,,https://cdn.shopify.com/s/files/1/0744/6357/6341/products/CanvasMockup-Jai_Pista_FLYING_DONUTS_WITH_ROLLING_CHOCOLATE_MILK_._MIX_OF_MU-01-HomeDecor-Food.jpg?v=1681590735,4,,,,,,,,,,,,,,,,,,,,,,,,,,
art-print-flowers-01,Adolphe Millot Fleurs-pours-01,,obldisplay,"Home & Garden > Decor > Artwork > Posters, Prints, & Visual Artwork",Poster,floral,TRUE,Size,80 x 120 cm,,,,,,0,shopify,10,deny,manual,0,,TRUE,TRUE,,https://cdn.shopify.com/s/files/1/0744/6357/6341/products/AdolpheMillotFleurs-pours--homedecor-posterFront.jpg?v=1681555215,1,,FALSE,,,,,,,,,,,,,,,,,kg,,,TRUE,TRUE,,,active
art-print-flowers-01,,,,,,,,,,,,,,,,,,,,,,,,,https://cdn.shopify.com/s/files/1/0744/6357/6341/products/AdolpheMillotFleurs-pours--homedecor-posterSide.jpg?v=1681555215,2,,,,,,,,,,,,,,,,,,,,,,,,,,
art-print-flowers-01,,,,,,,,,,,,,,,,,,,,,,,,,https://cdn.shopify.com/s/files/1/0744/6357/6341/products/AdolpheMillotFleurs-pours-mockup02-homedecor-poster.jpg?v=1681555215,3,,,,,,,,,,,,,,,,,,,,,,,,,,
art-print-flowers-01,,,,,,,,,,,,,,,,,,,,,,,,,https://cdn.shopify.com/s/files/1/0744/6357/6341/products/80x113cm-mockup01-Poster.jpg?v=1681555210,4,,,,,,,,,,,,,,,,,,,,,,,,,,
art-print-flowers-01,,,,,,,,,,,,,,,,,,,,,,,,,https://cdn.shopify.com/s/files/1/0744/6357/6341/products/80x113cm-mockup-Poster.jpg?v=1681555210,5,,,,,,,,,,,,,,,,,,,,,,,,,,
art-print-spring-flowers-03,Spring Flowers-03,,obldisplay,"Home & Garden > Decor > Artwork > Posters, Prints, & Visual Artwork",Poster,floral,TRUE,Size,80 x 120 cm,,,,,,0,shopify,10,deny,manual,0,,TRUE,TRUE,,https://cdn.shopify.com/s/files/1/0744/6357/6341/products/PosterFront-Jai_Pista_SPRING_FLOWERS_STYLE_ZALOME_6_03-Nature.png?v=1681554092,1,,FALSE,,,,,,,,,,,,,,,,,kg,,,TRUE,TRUE,,,active
art-print-spring-flowers-03,,,,,,,,,,,,,,,,,,,,,,,,,https://cdn.shopify.com/s/files/1/0744/6357/6341/products/PosterMockup01-Jai_Pista_SPRING_FLOWERS_STYLE_ZALOME_6_03-Nature_lowres.jpg?v=1681554092,2,,,,,,,,,,,,,,,,,,,,,,,,,,
art-print-spring-flowers-03,,,,,,,,,,,,,,,,,,,,,,,,,https://cdn.shopify.com/s/files/1/0744/6357/6341/products/PosterMockup02-Jai_Pista_SPRING_FLOWERS_STYLE_ZALOME_6_03-Nature_lowres.jpg?v=1681554092,3,,,,,,,,,,,,,,,,,,,,,,,,,,
art-print-spring-flowers-03,,,,,,,,,,,,,,,,,,,,,,,,,https://cdn.shopify.com/s/files/1/0744/6357/6341/products/PosterCurved-Jai_Pista_SPRING_FLOWERS_STYLE_ZALOME_6_03-Nature_lowres.png?v=1681554092,4,,,,,,,,,,,,,,,,,,,,,,,,,,
art-print-spring-flowers-03,,,,,,,,,,,,,,,,,,,,,,,,,https://cdn.shopify.com/s/files/1/0744/6357/6341/products/Poster-Jai_Pista_SPRING_FLOWERS_STYLE_ZALOME_6_03-Nature_lowres.png?v=1681554092,5,,,,,,,,,,,,,,,,,,,,,,,,,,
art-print-spring-flowers-03,,,,,,,,,,,,,,,,,,,,,,,,,https://cdn.shopify.com/s/files/1/0744/6357/6341/products/PosterMockup-Jai_Pista_SPRING_FLOWERS_STYLE_ZALOME_6_03-Nature_lowres.jpg?v=1681554092,6,,,,,,,,,,,,,,,,,,,,,,,,,,
copy-of-art-print-spring-flowers-01,Spring Flowers-02,,obldisplay,"Home & Garden > Decor > Artwork > Posters, Prints, & Visual Artwork",Poster,floral,TRUE,Size,80 x 120 cm,,,,,,0,shopify,10,deny,manual,0,,TRUE,TRUE,,https://cdn.shopify.com/s/files/1/0744/6357/6341/products/PosterFront-Jai_Pista_SPRING_FLOWERS_STYLE_ZALOME_6_02-Nature_lowres.png?v=1681553031,1,,FALSE,,,,,,,,,,,,,,,,,kg,,,TRUE,TRUE,,,active
copy-of-art-print-spring-flowers-01,,,,,,,,,,,,,,,,,,,,,,,,,https://cdn.shopify.com/s/files/1/0744/6357/6341/products/PosterMockup01-Jai_Pista_SPRING_FLOWERS_STYLE_ZALOME_6_02-Nature_lowres.jpg?v=1681553031,2,,,,,,,,,,,,,,,,,,,,,,,,,,
copy-of-art-print-spring-flowers-01,,,,,,,,,,,,,,,,,,,,,,,,,https://cdn.shopify.com/s/files/1/0744/6357/6341/products/PosterMockup02-Jai_Pista_SPRING_FLOWERS_STYLE_ZALOME_6_02-Nature_lowres.jpg?v=1681553031,3,,,,,,,,,,,,,,,,,,,,,,,,,,
copy-of-art-print-spring-flowers-01,,,,,,,,,,,,,,,,,,,,,,,,,https://cdn.shopify.com/s/files/1/0744/6357/6341/products/PosterMockup-Jai_Pista_SPRING_FLOWERS_STYLE_ZALOME_6_02-Nature_lowres.jpg?v=1681553031,4,,,,,,,,,,,,,,,,,,,,,,,,,,
copy-of-art-print-spring-flowers-01,,,,,,,,,,,,,,,,,,,,,,,,,https://cdn.shopify.com/s/files/1/0744/6357/6341/products/PosterCurved-Jai_Pista_SPRING_FLOWERS_STYLE_ZALOME_6_02-Nature_lowres.png?v=1681553031,5,,,,,,,,,,,,,,,,,,,,,,,,,,
copy-of-art-print-spring-flowers-01,,,,,,,,,,,,,,,,,,,,,,,,,https://cdn.shopify.com/s/files/1/0744/6357/6341/products/Poster-Jai_Pista_SPRING_FLOWERS_STYLE_ZALOME_6_02-Nature_lowres.png?v=1681553031,6,,,,,,,,,,,,,,,,,,,,,,,,,,
art-print-spring-flowers-01,Spring Flowers-01,,obldisplay,"Home & Garden > Decor > Artwork > Posters, Prints, & Visual Artwork",Poster,floral,TRUE,Size,80 x 120 cm,,,,,,0,shopify,10,deny,manual,0,,TRUE,TRUE,,https://cdn.shopify.com/s/files/1/0744/6357/6341/products/PosterFront-Jai_Pista_SPRING_FLOWERS_STYLE_ZALOME_6_01-Nature_lowres.png?v=1681552966,1,,FALSE,,,,,,,,,,,,,,,,,kg,,,TRUE,TRUE,,,active
art-print-spring-flowers-01,,,,,,,,,,,,,,,,,,,,,,,,,https://cdn.shopify.com/s/files/1/0744/6357/6341/products/PosterMockup01-Jai_Pista_SPRING_FLOWERS_STYLE_ZALOME_6_01-Nature_lowres.jpg?v=1681552966,2,,,,,,,,,,,,,,,,,,,,,,,,,,
art-print-spring-flowers-01,,,,,,,,,,,,,,,,,,,,,,,,,https://cdn.shopify.com/s/files/1/0744/6357/6341/products/PosterMockup02-Jai_Pista_SPRING_FLOWERS_STYLE_ZALOME_6_01-Nature_lowres.jpg?v=1681552966,3,,,,,,,,,,,,,,,,,,,,,,,,,,
art-print-spring-flowers-01,,,,,,,,,,,,,,,,,,,,,,,,,https://cdn.shopify.com/s/files/1/0744/6357/6341/products/PosterCurved-Jai_Pista_SPRING_FLOWERS_STYLE_ZALOME_6_01-Nature_lowres.png?v=1681554109,4,,,,,,,,,,,,,,,,,,,,,,,,,,
art-print-spring-flowers-01,,,,,,,,,,,,,,,,,,,,,,,,,https://cdn.shopify.com/s/files/1/0744/6357/6341/products/Poster-Jai_Pista_SPRING_FLOWERS_STYLE_ZALOME_6_01-Nature_lowres.png?v=1681554109,5,,,,,,,,,,,,,,,,,,,,,,,,,,
art-print-spring-flowers-01,,,,,,,,,,,,,,,,,,,,,,,,,https://cdn.shopify.com/s/files/1/0744/6357/6341/products/PosterMockup-Jai_Pista_SPRING_FLOWERS_STYLE_ZALOME_6_01-Nature_lowres.jpg?v=1681554109,6,,,,,,,,,,,,,,,,,,,,,,,,,,
acrylic-floating-print-spring-flowers-03,Spring Flowers-03,Acrylic Floating Print,obldisplay,Home & Garden > Decor > Home Decor Decals,Acrylic,floral,FALSE,Size,80 x 120 cm,,,,,,0,shopify,10,deny,manual,0,,TRUE,TRUE,,https://cdn.shopify.com/s/files/1/0744/6357/6341/products/AcrylicMockup-Jai_Pista_SPRING_FLOWERS_STYLE_ZALOME_6_03-Nature_lowres.png?v=1681548709,1,,FALSE,,,,,,,,,,,,,,,,,kg,,,TRUE,TRUE,,,archived
acrylic-floating-print-spring-flowers-03,,,,,,,,,,,,,,,,,,,,,,,,,https://cdn.shopify.com/s/files/1/0744/6357/6341/products/AcrylicMockup01-Jai_Pista_SPRING_FLOWERS_STYLE_ZALOME_6_03-Nature.png?v=1681548709,2,,,,,,,,,,,,,,,,,,,,,,,,,,
acrylic-floating-print-spring-flowers-03,,,,,,,,,,,,,,,,,,,,,,,,,https://cdn.shopify.com/s/files/1/0744/6357/6341/products/AcrylicMockup02-Jai_Pista_SPRING_FLOWERS_STYLE_ZALOME_6_03-Nature.png?v=1681548709,3,,,,,,,,,,,,,,,,,,,,,,,,,,
acrylic-floating-print-spring-flowers-03,,,,,,,,,,,,,,,,,,,,,,,,,https://cdn.shopify.com/s/files/1/0744/6357/6341/products/Acrylic-Jai_Pista_SPRING_FLOWERS_STYLE_ZALOME_6_03-Nature_lowres.png?v=1681548709,4,,,,,,,,,,,,,,,,,,,,,,,,,,
copy-of-acrylic-floating-print-spring-flowers-01,Spring Flowers-02,Acrylic floating print,obldisplay,Arts & Entertainment > Hobbies & Creative Arts > Arts & Crafts > Art & Crafting Materials > Textiles > Crafting Canvas > Plastic Canvas,Acrylic,floral,FALSE,Size,80 x 120 cm,,,,,,0,shopify,10,deny,manual,0,,TRUE,TRUE,,https://cdn.shopify.com/s/files/1/0744/6357/6341/products/AcrylicMockup-Jai_Pista_SPRING_FLOWERS_STYLE_ZALOME_6_02-Nature_lowres.png?v=1681540811,1,,FALSE,,,,,,,,,,,,,,,,,kg,,,TRUE,TRUE,,,archived
copy-of-acrylic-floating-print-spring-flowers-01,,,,,,,,,,,,,,,,,,,,,,,,,https://cdn.shopify.com/s/files/1/0744/6357/6341/products/AcrylicMockup01-Jai_Pista_SPRING_FLOWERS_STYLE_ZALOME_6_02-Nature.png?v=1681540811,2,,,,,,,,,,,,,,,,,,,,,,,,,,
copy-of-acrylic-floating-print-spring-flowers-01,,,,,,,,,,,,,,,,,,,,,,,,,https://cdn.shopify.com/s/files/1/0744/6357/6341/products/AcrylicMockup02-Jai_Pista_SPRING_FLOWERS_STYLE_ZALOME_6_02-Nature.png?v=1681540811,3,,,,,,,,,,,,,,,,,,,,,,,,,,
copy-of-acrylic-floating-print-spring-flowers-01,,,,,,,,,,,,,,,,,,,,,,,,,https://cdn.shopify.com/s/files/1/0744/6357/6341/products/Acrylic-Jai_Pista_SPRING_FLOWERS_STYLE_ZALOME_6_02-Nature_lowres.png?v=1681540811,4,,,,,,,,,,,,,,,,,,,,,,,,,,
acrylic-floating-print-spring-flowers-01,Spring Flowers-01,Acrylic floating print,obldisplay,Arts & Entertainment > Hobbies & Creative Arts > Arts & Crafts > Art & Crafting Materials > Textiles > Crafting Canvas > Plastic Canvas,Acrylic,floral,FALSE,Size,80 x 120 cm,,,,,,0,shopify,10,deny,manual,0,,TRUE,TRUE,,https://cdn.shopify.com/s/files/1/0744/6357/6341/products/AcrylicMockup-Jai_Pista_SPRING_FLOWERS_STYLE_ZALOME_6_01-Nature_lowres.png?v=1681540995,1,,FALSE,,,,,,,,,,,,,,,,,kg,,,TRUE,TRUE,,,archived
acrylic-floating-print-spring-flowers-01,,,,,,,,,,,,,,,,,,,,,,,,,https://cdn.shopify.com/s/files/1/0744/6357/6341/products/AcrylicMockup01-Jai_Pista_SPRING_FLOWERS_STYLE_ZALOME_6_01-Nature.png?v=1681540995,2,,,,,,,,,,,,,,,,,,,,,,,,,,
acrylic-floating-print-spring-flowers-01,,,,,,,,,,,,,,,,,,,,,,,,,https://cdn.shopify.com/s/files/1/0744/6357/6341/products/AcrylicMockup02-Jai_Pista_SPRING_FLOWERS_STYLE_ZALOME_6_01-Nature.png?v=1681540995,3,,,,,,,,,,,,,,,,,,,,,,,,,,
acrylic-floating-print-spring-flowers-01,,,,,,,,,,,,,,,,,,,,,,,,,https://cdn.shopify.com/s/files/1/0744/6357/6341/products/Acrylic-Jai_Pista_SPRING_FLOWERS_STYLE_ZALOME_6_01-Nature_lowres.png?v=1681540995,4,,,,,,,,,,,,,,,,,,,,,,,,,,
copy-of-mug-jai-pista-spring-flowers-03,Spring flowers-03,,obldisplay,Home & Garden > Kitchen & Dining > Tableware > Drinkware > Mugs,Gift,floral,TRUE,Material,ceremic,,,,,,0,shopify,10,deny,manual,0,,TRUE,TRUE,,https://cdn.shopify.com/s/files/1/0744/6357/6341/products/MugFront-Jai_Pista_SPRING_FLOWERS_STYLE_ZALOME_6_03-Nature.png?v=1681483644,1,,FALSE,,,,,,,,,,,,,,,,,kg,,,TRUE,TRUE,,,active
copy-of-mug-jai-pista-spring-flowers-03,,,,,,,,,,,,,,,,,,,,,,,,,https://cdn.shopify.com/s/files/1/0744/6357/6341/products/MugTop-Jai_Pista_SPRING_FLOWERS_STYLE_ZALOME_6_03-Nature.png?v=1681483644,2,,,,,,,,,,,,,,,,,,,,,,,,,,
copy-of-mug-jai-pista-spring-flowers-03,,,,,,,,,,,,,,,,,,,,,,,,,https://cdn.shopify.com/s/files/1/0744/6357/6341/products/Mug-Jai_Pista_SPRING_FLOWERS_STYLE_ZALOME_6_03-Nature_lowres.png?v=1681483644,3,,,,,,,,,,,,,,,,,,,,,,,,,,
mug-jai-pista-spring-flowers-02,Spring flowers-02,,Jai Pista,Home & Garden > Kitchen & Dining > Tableware > Drinkware > Mugs,Gift,floral,TRUE,Material,ceremic,,,,,,0,shopify,10,deny,manual,0,,TRUE,TRUE,,https://cdn.shopify.com/s/files/1/0744/6357/6341/products/MugFront-Jai_Pista_SPRING_FLOWERS_STYLE_ZALOME_6_02-Nature.png?v=1681483409,1,,FALSE,,,,,,,,,,,,,,,,,kg,,,TRUE,TRUE,,,active
mug-jai-pista-spring-flowers-02,,,,,,,,,,,,,,,,,,,,,,,,,https://cdn.shopify.com/s/files/1/0744/6357/6341/products/MugTop-Jai_Pista_SPRING_FLOWERS_STYLE_ZALOME_6_02-Nature.png?v=1681483410,2,,,,,,,,,,,,,,,,,,,,,,,,,,
mug-jai-pista-spring-flowers-02,,,,,,,,,,,,,,,,,,,,,,,,,https://cdn.shopify.com/s/files/1/0744/6357/6341/products/Mug-Jai_Pista_SPRING_FLOWERS_STYLE_ZALOME_6_02-Nature_lowres.png?v=1681483410,3,,,,,,,,,,,,,,,,,,,,,,,,,,
mug-jai-pista-spring-flowers-01,Spring flowers-01,,obldisplay,Home & Garden > Kitchen & Dining > Tableware > Drinkware > Mugs,Gift,floral,TRUE,Material,ceremic,,,,,,0,shopify,10,deny,manual,0,,TRUE,TRUE,,https://cdn.shopify.com/s/files/1/0744/6357/6341/products/MugFront-Jai_Pista_SPRING_FLOWERS_STYLE_ZALOME_6_01-Nature.jpg?v=1681482193,1,,FALSE,,,,,,,,,,,,,,,,,kg,,,TRUE,TRUE,,,active
mug-jai-pista-spring-flowers-01,,,,,,,,,,,,,,,,,,,,,,,,,https://cdn.shopify.com/s/files/1/0744/6357/6341/products/MugTop-Jai_Pista_SPRING_FLOWERS_STYLE_ZALOME_6_01-Nature.jpg?v=1681482193,2,,,,,,,,,,,,,,,,,,,,,,,,,,
mug-jai-pista-spring-flowers-01,,,,,,,,,,,,,,,,,,,,,,,,,https://cdn.shopify.com/s/files/1/0744/6357/6341/products/Mug-Jai_Pista_SPRING_FLOWERS_STYLE_ZALOME_6_01-Nature_lowres.png?v=1681482193,3,,,,,,,,,,,,,,,,,,,,,,,,,,
paul-signac-place-des-lices,Place des Lices,<strong>Canvas Print for Home Decor</strong>,obldisplay,Arts & Entertainment > Hobbies & Creative Arts > Arts & Crafts > Art & Crafting Materials > Textiles > Crafting Canvas > Painting Canvas,Canvas,Landscape,TRUE,Size,80 x 120 cm,,,,,,3000,shopify,10,deny,manual,30,,TRUE,TRUE,,https://cdn.shopify.com/s/files/1/0744/6357/6341/products/CanvasFront-Paul_Signac-Place_des_Lices_Paul_Signac-HomeDecor.jpg?v=1682066811,1,,FALSE,,,,,,,,,,,,,,,,,kg,,,TRUE,TRUE,,,active
paul-signac-place-des-lices,,,,,,,,,,,,,,,,,,,,,,,,,https://cdn.shopify.com/s/files/1/0744/6357/6341/products/CanvasMockup01-Paul_Signac-Place_des_Lices_Paul_Signac-HomeDecor.jpg?v=1682066811,2,,,,,,,,,,,,,,,,,,,,,,,,,,
paul-signac-place-des-lices,,,,,,,,,,,,,,,,,,,,,,,,,https://cdn.shopify.com/s/files/1/0744/6357/6341/products/CanvasMockup02-Paul_Signac-Place_des_Lices_Paul_Signac-HomeDecor.jpg?v=1682066811,3,,,,,,,,,,,,,,,,,,,,,,,,,,
paul-signac-place-des-lices,,,,,,,,,,,,,,,,,,,,,,,,,https://cdn.shopify.com/s/files/1/0744/6357/6341/products/Canvas-Paul_Signac-Place_des_Lices_Paul_Signac-HomeDecor_lowres.jpg?v=1682066811,4,,,,,,,,,,,,,,,,,,,,,,,,,,
paul-signac-les-andelys-cote-daval,Les Andelys CÃ´te d'Aval,<strong>Canvas Print for Home Decor</strong>,obldisplay,Arts & Entertainment > Hobbies & Creative Arts > Arts & Crafts > Art & Crafting Materials > Textiles > Crafting Canvas > Painting Canvas,Canvas,Landscape,TRUE,Size,80 x 120 cm,,,,,,3000,shopify,10,deny,manual,30,,TRUE,TRUE,,https://cdn.shopify.com/s/files/1/0744/6357/6341/products/CanvasFront-Paul_Signac_-_Les_Andelys__Cote_d_Aval_-HomeDecor.jpg?v=1682066820,1,,FALSE,,,,,,,,,,,,,,,,,kg,,,TRUE,TRUE,,,active
paul-signac-les-andelys-cote-daval,,,,,,,,,,,,,,,,,,,,,,,,,https://cdn.shopify.com/s/files/1/0744/6357/6341/products/Canvasmockup01-Paul_Signac_-_Les_Andelys__Cote_d_Aval_-HomeDecor.jpg?v=1682066820,2,,,,,,,,,,,,,,,,,,,,,,,,,,
paul-signac-les-andelys-cote-daval,,,,,,,,,,,,,,,,,,,,,,,,,https://cdn.shopify.com/s/files/1/0744/6357/6341/products/Canvasmockup02-Paul_Signac_-_Les_Andelys__Cote_d_Aval_-HomeDecor.jpg?v=1682066820,3,,,,,,,,,,,,,,,,,,,,,,,,,,
paul-signac-les-andelys-cote-daval,,,,,,,,,,,,,,,,,,,,,,,,,https://cdn.shopify.com/s/files/1/0744/6357/6341/products/Canvas-Paul_Signac_-_Les_Andelys__Cote_d_Aval_-HomeDecor_lowres.jpg?v=1682066820,4,,,,,,,,,,,,,,,,,,,,,,,,,,
paul-signac-cassis-cap-lombard-opus,Cassis Cap Lombard Opus,<strong>Canvas Print for Home Decor</strong>,obldisplay,Arts & Entertainment > Hobbies & Creative Arts > Arts & Crafts > Art & Crafting Materials > Textiles > Crafting Canvas > Painting Canvas,Canvas,Landscape,TRUE,Size,80x 120 cm,,,,,,3000,shopify,10,deny,manual,30,,TRUE,TRUE,,https://cdn.shopify.com/s/files/1/0744/6357/6341/products/CanvasfRONT-Paul_Signac_-_Cassis__Cap_Lombard__Opus_196_-HomeDecor.jpg?v=1682066748,1,,FALSE,,,,,,,,,,,,,,,,,kg,,,TRUE,TRUE,,,active
paul-signac-cassis-cap-lombard-opus,,,,,,,,,,,,,,,,,,,,,,,,,https://cdn.shopify.com/s/files/1/0744/6357/6341/products/CanvasMockup01-Paul_Signac_-_Cassis__Cap_Lombard__Opus_196_-HomeDecor.jpg?v=1682066748,2,,,,,,,,,,,,,,,,,,,,,,,,,,
paul-signac-cassis-cap-lombard-opus,,,,,,,,,,,,,,,,,,,,,,,,,https://cdn.shopify.com/s/files/1/0744/6357/6341/products/CanvasMockup02-Paul_Signac_-_Cassis__Cap_Lombard__Opus_196_-HomeDecor.jpg?v=1682066748,3,,,,,,,,,,,,,,,,,,,,,,,,,,
paul-signac-cassis-cap-lombard-opus,,,,,,,,,,,,,,,,,,,,,,,,,https://cdn.shopify.com/s/files/1/0744/6357/6341/products/Canvas-Paul_Signac_-_Cassis__Cap_Lombard__Opus_196_-HomeDecor_lowres.jpg?v=1682066748,4,,,,,,,,,,,,,,,,,,,,,,,,,,
paul_signac-the-pine-tree-at-saint-tropez,The Pine Tree at Saint Tropez,<strong>Canvas Print for Home Decor</strong>,obldisplay,Arts & Entertainment > Hobbies & Creative Arts > Arts & Crafts > Art & Crafting Materials > Textiles > Crafting Canvas > Painting Canvas,Canvas,"Inspirational, Landscape",TRUE,Size,80 x 120 cm,,,,,,3000,shopify,10,deny,manual,30,,TRUE,TRUE,,https://cdn.shopify.com/s/files/1/0744/6357/6341/products/CanvasfRONT-Paul_Signac__1909__The_Pine_Tree_at_Saint_Tropez__-HomeDecor.jpg?v=1682066719,1,,FALSE,,,,,,,,,,,,,,,,,kg,,,TRUE,TRUE,,,active
paul_signac-the-pine-tree-at-saint-tropez,,,,,,,,,,,,,,,,,,,,,,,,,https://cdn.shopify.com/s/files/1/0744/6357/6341/products/CanvasMockup01-Paul_Signac__1909__The_Pine_Tree_at_Saint_Tropez__-HomeDecor.jpg?v=1682066719,2,,,,,,,,,,,,,,,,,,,,,,,,,,
paul_signac-the-pine-tree-at-saint-tropez,,,,,,,,,,,,,,,,,,,,,,,,,https://cdn.shopify.com/s/files/1/0744/6357/6341/products/CanvasMockup02-Paul_Signac__1909__The_Pine_Tree_at_Saint_Tropez__-HomeDecor.jpg?v=1682066719,3,,,,,,,,,,,,,,,,,,,,,,,,,,
paul_signac-the-pine-tree-at-saint-tropez,,,,,,,,,,,,,,,,,,,,,,,,,https://cdn.shopify.com/s/files/1/0744/6357/6341/products/Canvas-Paul_Signac__1909__The_Pine_Tree_at_Saint_Tropez__-HomeDecor_lowres.jpg?v=1682066719,4,,,,,,,,,,,,,,,,,,,,,,,,,,
hilma-af-klint-the-ten-largest-no-6,The Ten Largest No.6,<strong>Hilma af Klint - Canvas Print for Home Decor</strong>,obldisplay,Arts & Entertainment > Hobbies & Creative Arts > Arts & Crafts > Art & Crafting Materials > Textiles > Crafting Canvas > Painting Canvas,Canvas,Abstract,TRUE,Size,120 x 80 cm,,,,,,3000,shopify,10,deny,manual,30,,TRUE,TRUE,,https://cdn.shopify.com/s/files/1/0744/6357/6341/products/CanvasFront-Hilma_af_Klint_-_The_Ten_Largest_No._6_-_1907.jpg?v=1682071027,1,,FALSE,,,,,,,,,,,,,,,,,kg,,,TRUE,TRUE,,,active
hilma-af-klint-the-ten-largest-no-6,,,,,,,,,,,,,,,,,,,,,,,,,https://cdn.shopify.com/s/files/1/0744/6357/6341/products/CanvasMockup01-Hilma_af_Klint_-_The_Ten_Largest_No._6_-_1907.jpg?v=1682071027,2,,,,,,,,,,,,,,,,,,,,,,,,,,
hilma-af-klint-the-ten-largest-no-6,,,,,,,,,,,,,,,,,,,,,,,,,https://cdn.shopify.com/s/files/1/0744/6357/6341/products/CanvasMockup02-Hilma_af_Klint_-_The_Ten_Largest_No._6_-_1907.jpg?v=1682071027,3,,,,,,,,,,,,,,,,,,,,,,,,,,
hilma-af-klint-the-ten-largest-no-6,,,,,,,,,,,,,,,,,,,,,,,,,https://cdn.shopify.com/s/files/1/0744/6357/6341/products/Canvas-Hilma_af_Klint_-_The_Ten_Largest_No._6_-_1907_lowres.jpg?v=1682071027,4,,,,,,,,,,,,,,,,,,,,,,,,,,
hilma-af-klint-the-ten-largest-no-6,,,,,,,,,,,,,,,,,,,,,,,,,https://cdn.shopify.com/s/files/1/0744/6357/6341/products/CanvasCorner-Hilma_af_Klint_-_The_Ten_Largest_No._6_-_1907.jpg?v=1682071040,5,,,,,,,,,,,,,,,,,,,,,,,,,,
hilma-af-klint-the-ten-largest-no-6,,,,,,,,,,,,,,,,,,,,,,,,,https://cdn.shopify.com/s/files/1/0744/6357/6341/products/Cnavas-back.jpg?v=1682071040,6,,,,,,,,,,,,,,,,,,,,,,,,,,
hilma-af-klint-the-ten-largest-no-5,The Ten Largest No.5,<strong>Hilma af Klint- Canvas Print for Home Decor</strong>,obldisplay,Arts & Entertainment > Hobbies & Creative Arts > Arts & Crafts > Art & Crafting Materials > Textiles > Crafting Canvas > Painting Canvas,Canvas,Abstract,TRUE,Size,120 x 80 cm,,,,,,3000,shopify,10,deny,manual,30,,TRUE,TRUE,,https://cdn.shopify.com/s/files/1/0744/6357/6341/products/CanvasFront-Hilma_af_Klint_-_The_Ten_Largest_No._5_-_Adulthood_-_1907.jpg?v=1682066657,1,,FALSE,,,,,,,,,,,,,,,,,kg,,,TRUE,TRUE,,,active
hilma-af-klint-the-ten-largest-no-5,,,,,,,,,,,,,,,,,,,,,,,,,https://cdn.shopify.com/s/files/1/0744/6357/6341/products/CanvasMockup01-Hilma_af_Klint_-_The_Ten_Largest_No._5_-_Adulthood_-_1907.jpg?v=1682066657,2,,,,,,,,,,,,,,,,,,,,,,,,,,
hilma-af-klint-the-ten-largest-no-5,,,,,,,,,,,,,,,,,,,,,,,,,https://cdn.shopify.com/s/files/1/0744/6357/6341/products/CanvasMockup02-Hilma_af_Klint_-_The_Ten_Largest_No._5_-_Adulthood_-_1907.jpg?v=1682066657,3,,,,,,,,,,,,,,,,,,,,,,,,,,
hilma-af-klint-the-ten-largest-no-5,,,,,,,,,,,,,,,,,,,,,,,,,https://cdn.shopify.com/s/files/1/0744/6357/6341/products/Canvas-Hilma_af_Klint_-_The_Ten_Largest_No._5_-_Adulthood_-_1907_lowres.jpg?v=1682066657,4,,,,,,,,,,,,,,,,,,,,,,,,,,
hilma-af-klint-the-ten-largest-no-4-childhood,The Ten Largest No.4,<strong>Hilma af Klint- Canvas Print for Home Decor</strong>,obldisplay,Arts & Entertainment > Hobbies & Creative Arts > Arts & Crafts > Art & Crafting Materials > Textiles > Crafting Canvas > Painting Canvas,Canvas,Abstract,TRUE,Size,120 x 80 cm,,,,,,3000,shopify,10,deny,manual,30,,TRUE,TRUE,,https://cdn.shopify.com/s/files/1/0744/6357/6341/products/CanvasFront-Hilma_af_Klint_-_The_Ten_Largest_No._4_-_Youth_-_1907.jpg?v=1682066604,1,,FALSE,,,,,,,,,,,,,,,,,kg,,,TRUE,TRUE,,,active
hilma-af-klint-the-ten-largest-no-4-childhood,,,,,,,,,,,,,,,,,,,,,,,,,https://cdn.shopify.com/s/files/1/0744/6357/6341/products/CanvasMockup01-Hilma_af_Klint_-_The_Ten_Largest_No._4_-_Youth_-_1907.jpg?v=1682066604,2,,,,,,,,,,,,,,,,,,,,,,,,,,
hilma-af-klint-the-ten-largest-no-4-childhood,,,,,,,,,,,,,,,,,,,,,,,,,https://cdn.shopify.com/s/files/1/0744/6357/6341/products/CanvasMockup02-Hilma_af_Klint_-_The_Ten_Largest_No._4_-_Youth_-_1907.jpg?v=1682066604,3,,,,,,,,,,,,,,,,,,,,,,,,,,
hilma-af-klint-the-ten-largest-no-4-childhood,,,,,,,,,,,,,,,,,,,,,,,,,https://cdn.shopify.com/s/files/1/0744/6357/6341/products/Canvas-Hilma_af_Klint_-_The_Ten_Largest_No._4_-_Youth_-_1907_lowres.jpg?v=1682066604,4,,,,,,,,,,,,,,,,,,,,,,,,,,
hilmaaf_klint_-_the_ten_largest_no-_2_-_childhood_-_1907lowres,The Ten Largest No.2,<strong>Hilma af Klint- Canvas Print for Home Decor</strong>,obldisplay,Arts & Entertainment > Hobbies & Creative Arts > Arts & Crafts > Art & Crafting Materials > Textiles > Crafting Canvas > Painting Canvas,Canvas,Abstract,TRUE,Size,120 x 80 cm,,,,,,3000,shopify,10,deny,manual,30,,TRUE,TRUE,,https://cdn.shopify.com/s/files/1/0744/6357/6341/products/CanvasFront-Hilma_af_Klint_-_The_Ten_Largest_No._2_-_Childhood_-_1907.jpg?v=1682066566,1,,FALSE,,,,,,,,,,,,,,,,,kg,,,TRUE,TRUE,,,active
hilmaaf_klint_-_the_ten_largest_no-_2_-_childhood_-_1907lowres,,,,,,,,,,,,,,,,,,,,,,,,,https://cdn.shopify.com/s/files/1/0744/6357/6341/products/CanvasMockup01-Hilma_af_Klint_-_The_Ten_Largest_No._2_-_Childhood_-_1907.jpg?v=1682066566,2,,,,,,,,,,,,,,,,,,,,,,,,,,
hilmaaf_klint_-_the_ten_largest_no-_2_-_childhood_-_1907lowres,,,,,,,,,,,,,,,,,,,,,,,,,https://cdn.shopify.com/s/files/1/0744/6357/6341/products/CanvasMockup02-Hilma_af_Klint_-_The_Ten_Largest_No._2_-_Childhood_-_1907.jpg?v=1682066566,3,,,,,,,,,,,,,,,,,,,,,,,,,,
hilmaaf_klint_-_the_ten_largest_no-_2_-_childhood_-_1907lowres,,,,,,,,,,,,,,,,,,,,,,,,,https://cdn.shopify.com/s/files/1/0744/6357/6341/products/Canvas-Hilma_af_Klint_-_The_Ten_Largest_No._2_-_Childhood_-_1907_lowres.jpg?v=1682066566,4,,,,,,,,,,,,,,,,,,,,,,,,,,
paul-signac-au-temps-d-harmonie,Au temps dâharmonie,<strong>Canvas Print for Home Decor</strong>,obldisplay,Arts & Entertainment > Hobbies & Creative Arts > Arts & Crafts > Art & Crafting Materials > Textiles > Crafting Canvas > Painting Canvas,Canvas,Landscape,TRUE,Size,80 x 120 cm,,,,,,30,shopify,10,deny,manual,30,,TRUE,TRUE,,https://cdn.shopify.com/s/files/1/0744/6357/6341/products/CanvasFront-Paul_Signac__1893-95__Au_temps_d_harmonie__-HomeDecor.jpg?v=1682066435,1,,FALSE,,,,,,,,,,,,,,,,,kg,,,TRUE,TRUE,,,active
paul-signac-au-temps-d-harmonie,,,,,,,,,,,,,,,,,,,,,,,,,https://cdn.shopify.com/s/files/1/0744/6357/6341/products/CanvasMockup02-Paul_Signac__1893-95__Au_temps_d_harmonie__-HomeDecor.jpg?v=1682066484,2,,,,,,,,,,,,,,,,,,,,,,,,,,
paul-signac-au-temps-d-harmonie,,,,,,,,,,,,,,,,,,,,,,,,,https://cdn.shopify.com/s/files/1/0744/6357/6341/products/CanvasMockup01-Paul_Signac__1893-95__Au_temps_d_harmonie__-HomeDecor.jpg?v=1682066484,3,,,,,,,,,,,,,,,,,,,,,,,,,,
paul-signac-au-temps-d-harmonie,,,,,,,,,,,,,,,,,,,,,,,,,https://cdn.shopify.com/s/files/1/0744/6357/6341/products/Canvas-Paul_Signac__1893-95__Au_temps_d_harmonie__-HomeDecor_lowres.jpg?v=1682066523,4,,,,,,,,,,,,,,,,,,,,,,,,,,
hilma-af-klint-the-ten-largest-no-1-childhood,The Ten Largest No. 1,<strong>Hilma af Klint- Canvas Print for Home Decor</strong>,obldisplay,Arts & Entertainment > Hobbies & Creative Arts > Arts & Crafts > Art & Crafting Materials > Textiles > Crafting Canvas > Painting Canvas,Canvas,"Abstract, Inspirational",TRUE,Size,120 x 80 cm,Style,Vintage,Color,Black,,3000,shopify,10,deny,manual,30,,TRUE,TRUE,,https://cdn.shopify.com/s/files/1/0744/6357/6341/products/CanvasFront-Hilma_af_Klint_-_The_Ten_Largest_No._1_-_Childhood_HomeDecor.jpg?v=1682066398,1,,FALSE,,,,,,,,,,,,,,,,,kg,,,TRUE,TRUE,,,active
hilma-af-klint-the-ten-largest-no-1-childhood,,,,,,,,,120 x 80 cm,,Vintage,,White,,3000,shopify,0,deny,manual,30,,TRUE,TRUE,,https://cdn.shopify.com/s/files/1/0744/6357/6341/products/CanvasMockup01-Hilma_af_Klint_-_The_Ten_Largest_No._1_-_Childhood_-_1907.jpg?v=1682066398,2,,,,,,,,,,,,,,,,,,,kg,,,,,,,
hilma-af-klint-the-ten-largest-no-1-childhood,,,,,,,,,120 x 80 cm,,Vintage,,Pink,,3000,shopify,0,deny,manual,30,,TRUE,TRUE,,https://cdn.shopify.com/s/files/1/0744/6357/6341/products/CanvasMockup02-Hilma_af_Klint_-_The_Ten_Largest_No._1_-_Childhood_-_1907.jpg?v=1682066398,3,,,,,,,,,,,,,,,,,,,kg,,,,,,,
hilma-af-klint-the-ten-largest-no-1-childhood,,,,,,,,,120 x 80 cm,,Abstract,,Black,,3000,shopify,0,deny,manual,30,,TRUE,TRUE,,https://cdn.shopify.com/s/files/1/0744/6357/6341/products/Canvas-Hilma_af_Klint_-_The_Ten_Largest_No._1_-_Childhood_HomeDecor_lowres.jpg?v=1682066398,4,,,,,,,,,,,,,,,,,,,kg,,,,,,,
hilma-af-klint-the-ten-largest-no-1-childhood,,,,,,,,,120 x 80 cm,,Abstract,,White,,3000,shopify,0,deny,manual,30,,TRUE,TRUE,,,,,,,,,,,,,,,,,,,,,,kg,,,,,,,
hilma-af-klint-the-ten-largest-no-1-childhood,,,,,,,,,120 x 80 cm,,Abstract,,Pink,,3000,shopify,0,deny,manual,30,,TRUE,TRUE,,,,,,,,,,,,,,,,,,,,,,kg,,,,,,,
hilma-af-klint-the-ten-largest-no-1-childhood,,,,,,,,,120 x 80 cm,,Landscape,,Black,,3000,shopify,0,deny,manual,30,,TRUE,TRUE,,,,,,,,,,,,,,,,,,,,,,kg,,,,,,,
hilma-af-klint-the-ten-largest-no-1-childhood,,,,,,,,,120 x 80 cm,,Landscape,,White,,3000,shopify,0,deny,manual,30,,TRUE,TRUE,,,,,,,,,,,,,,,,,,,,,,kg,,,,,,,
hilma-af-klint-the-ten-largest-no-1-childhood,,,,,,,,,120 x 80 cm,,Landscape,,Pink,,3000,shopify,0,deny,manual,30,,TRUE,TRUE,,,,,,,,,,,,,,,,,,,,,,kg,,,,,,,
